remonster-3,301
remonster-3,302
remonster-3,303
remonster-3,304
remonster-3,305
remonster-3,306
remonster-3,311
remonster-3,312
remonster-3,313
remonster-3,314
remonster-3,315
remonster-3,320
remonster-3,321
remonster-3,322
remonster-3,323
remonster-3,324
remonster-3,325
remonster-3,326
remonster-3,327
remonster-3,328
remonster-3,329
remonster-3,330
remonster-3,331
remonster-3,332
remonster-3,333
remonster-3,334
remonster-3,335
remonster-3,336
remonster-3,337
remonster-3,338
remonster-3,339
remonster-3,340
remonster-3,341
remonster-3,342
remonster-3,343
remonster-3,344
remonster-3,345
remonster-3,346
